Brand,serail,color,year,burn,kear,type,price
Toyota,กข 3576,,รถเก๋ง,,,,
Toyota,กข 3576,บรอนทอง,รถเก๋ง,,,,
brand,serail,color,types,,,,
brand,serial,color,2021,เบนซิน,เกียร์ออโต้,"400,000",
brand,serial,color,2021,เบนซิน,เกียร์ออโต้,"400,000",
Mazda,serial,color,2021,เบนซิน,เกียร์ออโต้,"400,000",
Mazda,serial,color,2021,เบนซิน,เกียร์ออโต้,"400,000",
Chevlolex,serial,color,2021,เบนซิน,เกียร์ออโต้,"400,000",
Chevlolex,serial,color,2021,เบนซิน,เกียร์ออโต้,"400,000",
Chevlolex,serial,color,2021,เบนซิน,เกียร์ออโต้,"400,000",
Chevlolex,serial,color,2021,เบนซิน,เกียร์ออโต้,"400,000",
Chevlolex,serial,color,2021,เบนซิน,เกียร์ออโต้,"400,000",
Chevlolex,serial,color,2021,เบนซิน,เกียร์ออโต้,"400,000",
Chevlolex,serial,color,2021,เบนซิน,เกียร์ออโต้,"400,000",
Chevlolex,serial,color,2021,เบนซิน,เกียร์ออโต้,"400,000",
Chevlolex,serial,color,2021,เบนซิน,เกียร์ออโต้,"400,000",
Chevlolex,serial,color,2021,เบนซิน,เกียร์ออโต้,"400,000",
Toyota,serial,แดง,2021,เบนซิน,เกียร์ออโต้,"400,000",
Toyota,serial,แดง,2021,เบนซิน,เกียร์ออโต้,"400,000",
Toyota,serial,แดง,2021,เบนซิน,เกียร์ออโต้,"400,000",
Toyota,serial,แดง,2021,เบนซิน,เกียร์ออโต้,"400,000",
Toyota,serial,แดง,2021,เบนซิน,เกียร์ออโต้,"400,000",
Toyota,serial,แดง,2021,เบนซิน,เกียร์ออโต้,"400,000",
Toyota,serial,แดง,2021,เบนซิน,เกียร์ออโต้,"400,000",
Toyota,serial,แดง,2021,เบนซิน,เกียร์ออโต้,"400,000",
Toyota,serial,แดง,2021,เบนซิน,เกียร์ออโต้,"400,000",
Toyota,serial,แดง,2021,ดีเซล,เกียร์ออโต้,"400,000",
Toyota,serial,แดง,2021,ดีเซล,เกียร์ออโต้,"400,000",
Toyota,serial,แดง,2021,เบนซิน,เกียร์ออโต้,รถเก๋ง,"400,000"
Toyota,serial,แดง,2021,เบนซิน,เกียร์ออโต้,รถเก๋ง,"400,000"
Toyota,serial,แดง,2021,เบนซิน,เกียร์ออโต้,รถเก๋ง,"400,000"
Toyota,serial,แดง,2021,เบนซิน,เกียร์ออโต้,รถเก๋ง,"400,000"
Toyota,serial,แดง,2021,เบนซิน,เกียร์ออโต้,รถเก๋ง,"400,000"
Toyota,serial,แดง,2021,เบนซิน,เกียร์ออโต้,รถเก๋ง,"400,000"
Toyota,serial,แดง,2021,เบนซิน,เกียร์ออโต้,รถเก๋ง,"400,000"
Toyota,serial,แดง,2021,เบนซิน,เกียร์ออโต้,รถเก๋ง,"400,000"
Toyota,serial,แดง,2021,เบนซิน,เกียร์ออโต้,รถเก๋ง,"600,000"
Toyota,serial,แดง,2021,เบนซิน,เกียร์ออโต้,รถเก๋ง,"400,000"
Toyota,serial,แดง,2021,เบนซิน,เกียร์ออโต้,รถเก๋ง,"400,000"
Toyota,serial,แดง,2021,เบนซิน,เกียร์ออโต้,รถเก๋ง,"400,000"
Toyota,serial,แดง,2021,เบนซิน,เกียร์ออโต้,รถเก๋ง,"400,000"
Toyota,serial,แดง,2021,เบนซิน,เกียร์ออโต้,รถเก๋ง,"400,000"
Toyota,serial,แดง,2021,เบนซิน,เกียร์ออโต้,รถเก๋ง,"400,000"
Toyota,serial,แดง,2021,เบนซิน,เกียร์ออโต้,รถเก๋ง,"400,000"
Toyota,serial,แดง,2021,เบนซิน,เกียร์ออโต้,รถเก๋ง,"400,000"
Toyota,serial,แดง,2021,เบนซิน,เกียร์ออโต้,รถเก๋ง,"400,000"
Toyota,serial,แดง,2021,เบนซิน,เกียร์ออโต้,รถเก๋ง,"400,000"
Toyota,serial,แดง,2021,เบนซิน,เกียร์ออโต้,รถเก๋ง,"400,000"
Toyota,serial,แดง,2021,เบนซิน,เกียร์ออโต้,รถเก๋ง,"400,000"
Toyota,serial,แดง,2021,เบนซิน,เกียร์ออโต้,รถเก๋ง,"400,000"
Toyota,serial,แดง,2021,เบนซิน,เกียร์ออโต้,รถเก๋ง,"400,000"
Toyota,serial,แดง,2021,เบนซิน,เกียร์ออโต้,รถเก๋ง,"400,000"
Toyota,serial,แดง,2021,เบนซิน,เกียร์ออโต้,รถเก๋ง,"400,000"
Toyota,serial,แดง,2021,เบนซิน,เกียร์ออโต้,รถเก๋ง,"400,000"
Toyota,serial,แดง,2021,เบนซิน,เกียร์ออโต้,รถเก๋ง,"400,000"
Toyota,serial,แดง,2021,เบนซิน,เกียร์ออโต้,รถเก๋ง,"400,000"
Toyota,serial,แดง,2021,เบนซิน,เกียร์ออโต้,รถเก๋ง,"400,000"
Toyota,serial,แดง,2021,เบนซิน,เกียร์ออโต้,รถเก๋ง,"400,000"
Toyota,serial,แดง,2021,เบนซิน,เกียร์ออโต้,รถเก๋ง,"400,000"
Toyota,serial,แดง,2021,เบนซิน,เกียร์ออโต้,รถเก๋ง,"400,000"
Toyota,serial,แดง,2021,เบนซิน,เกียร์ออโต้,รถเก๋ง,"400,000"
Toyota,serial,แดง,2021,เบนซิน,เกียร์ออโต้,รถเก๋ง,"400,000"
Toyota,serial,แดง,2021,เบนซิน,เกียร์ออโต้,รถเก๋ง,"400,000"
Toyota,serial,แดง,2021,เบนซิน,เกียร์ออโต้,รถเก๋ง,"400,000"
Toyota,serial,แดง,2021,เบนซิน,เกียร์ออโต้,รถเก๋ง,"400,000"
Toyota,serial,แดง,2021,เบนซิน,เกียร์ออโต้,รถเก๋ง,"400,000"
Toyota,serial,แดง,2021,เบนซิน,เกียร์ออโต้,รถเก๋ง,"400,000"
Toyota,serial,แดง,2021,เบนซิน,เกียร์ออโต้,รถเก๋ง,"400,000"
Toyota,serial,แดง,2021,เบนซิน,เกียร์ออโต้,รถเก๋ง,"400,000"
Toyota,serial,แดง,2021,เบนซิน,เกียร์ออโต้,รถเก๋ง,"400,000"
Toyota,serial,แดง,2021,เบนซิน,เกียร์ออโต้,รถเก๋ง,"400,000"
Toyota,serial,แดง,2021,เบนซิน,เกียร์ออโต้,รถเก๋ง,"400,000"
Toyota,serial,แดง,2021,เบนซิน,เกียร์ออโต้,รถเก๋ง,"400,000"
Toyota,serial,แดง,2021,เบนซิน,เกียร์ออโต้,รถเก๋ง,"400,000"
Toyota,serial,แดง,2021,เบนซิน,เกียร์ออโต้,รถเก๋ง,"400,000"
Toyota,serial,แดง,2021,เบนซิน,เกียร์ออโต้,รถเก๋ง,"400,000"
Toyota,serial,แดง,2021,เบนซิน,เกียร์ออโต้,รถเก๋ง,"400,000"
Toyota,serial,แดง,2021,เบนซิน,เกียร์ออโต้,รถเก๋ง,"400,000"
ISUZU,A1,แดง,2021,เบนซิน,เกียร์ออโต้,รถเก๋ง,"400,000"
Toyota,serial,แดง,2021,เบนซิน,เกียร์ออโต้,รถเก๋ง,"400,000"
Toyota,serial,แดง,2021,เบนซิน,เกียร์ออโต้,รถเก๋ง,"400,000"
Toyota,serial,แดง,2021,เบนซิน,เกียร์ออโต้,รถเก๋ง,"400,000"
Toyota,serial,แดง,2021,เบนซิน,เกียร์ออโต้,รถเก๋ง,"400,000"
Toyota,serial,แดง,2021,เบนซิน,เกียร์ออโต้,รถเก๋ง,"400,000"
Toyota,serial,แดง,2021,เบนซิน,เกียร์ออโต้,รถเก๋ง,"400,000"
Toyota,serial,แดง,2021,เบนซิน,เกียร์ออโต้,รถเก๋ง,"400,000"
Toyota,serial,แดง,2021,เบนซิน,เกียร์ออโต้,รถเก๋ง,"400,000"
Toyota,serial,แดง,2021,เบนซิน,เกียร์ออโต้,รถเก๋ง,"400,000"
Toyota,serial,แดง,2021,เบนซิน,เกียร์ออโต้,รถเก๋ง,"400,000"
Toyota,serial,แดง,2021,เบนซิน,เกียร์ออโต้,รถเก๋ง,"400,000"
Toyota,serial,แดง,2021,เบนซิน,เกียร์ออโต้,รถเก๋ง,"400,000"
Toyota,serial,แดง,2021,เบนซิน,เกียร์ออโต้,รถเก๋ง,"400,000"
Toyota,serial,แดง,2021,เบนซิน,เกียร์ออโต้,รถเก๋ง,"400,000"
Toyota,serial,แดง,2021,เบนซิน,เกียร์ออโต้,รถเก๋ง,"400,000"
Toyota,serial,แดง,2021,เบนซิน,เกียร์ออโต้,รถเก๋ง,"400,000"
Toyota,serial,แดง,2021,เบนซิน,เกียร์ออโต้,รถเก๋ง,"400,000"
Toyota,serial,แดง,2021,เบนซิน,เกียร์ออโต้,รถเก๋ง,"400,000"
Toyota,serial,แดง,2021,เบนซิน,เกียร์ออโต้,รถเก๋ง,"400,000"
Toyota,serial,แดง,2021,เบนซิน,เกียร์ออโต้,รถเก๋ง,"400,000"
Toyota,serial,แดง,2021,เบนซิน,เกียร์ออโต้,รถเก๋ง,"400,000"
Toyota,serial,แดง,2021,เบนซิน,เกียร์ออโต้,รถเก๋ง,"400,000"
Toyota,serial,แดง,2021,เบนซิน,เกียร์ออโต้,รถเก๋ง,"400,000"
Toyota,serial,แดง,2021,เบนซิน,เกียร์ออโต้,รถเก๋ง,"400,000"
Toyota,serial,แดง,2021,เบนซิน,เกียร์ออโต้,รถเก๋ง,"400,000"
Toyota,serial,แดง,2021,เบนซิน,เกียร์ออโต้,รถเก๋ง,"400,000"
Toyota,serial,แดง,2021,เบนซิน,เกียร์ออโต้,รถเก๋ง,"400,000"
Toyota,serial,แดง,2021,เบนซิน,เกียร์ออโต้,รถเก๋ง,"400,000"
Toyota,serial,แดง,2021,เบนซิน,เกียร์ออโต้,รถเก๋ง,"400,000"
Toyota,serial,แดง,2021,เบนซิน,เกียร์ออโต้,รถเก๋ง,"400,000"
Toyota,serial,แดง,2021,เบนซิน,เกียร์ออโต้,รถเก๋ง,"400,000"
Toyota,serial,แดง,2021,เบนซิน,เกียร์ออโต้,รถเก๋ง,"400,000"
Toyota,serial,แดง,2021,เบนซิน,เกียร์ออโต้,รถเก๋ง,"400,000"
Toyota,serial,แดง,2021,เบนซิน,เกียร์ออโต้,รถเก๋ง,"400,000"
Toyota,serial,แดง,2021,เบนซิน,เกียร์ออโต้,รถเก๋ง,"400,000"
Toyota,serial,แดง,2021,เบนซิน,เกียร์ออโต้,รถเก๋ง,"400,000"
Toyota,serial,แดง,2021,เบนซิน,เกียร์ออโต้,รถเก๋ง,"400,000"
Toyota,serial,แดง,2021,เบนซิน,เกียร์ออโต้,รถเก๋ง,"400,000"
Toyota,serial,แดง,2021,เบนซิน,เกียร์ออโต้,รถเก๋ง,"400,000"
Toyota,serial,แดง,2021,เบนซิน,เกียร์ออโต้,รถเก๋ง,"400,000"
Toyota,serial,แดง,2021,เบนซิน,เกียร์ออโต้,รถเก๋ง,"400,000"
Toyota,serial,แดง,2021,เบนซิน,เกียร์ออโต้,รถเก๋ง,"400,000"
Toyota,serial,แดง,2021,เบนซิน,เกียร์ออโต้,รถเก๋ง,"400,000"
Toyota,serial,แดง,2021,เบนซิน,เกียร์ออโต้,รถเก๋ง,"400,000"
Toyota,serial,แดง,2021,เบนซิน,เกียร์ออโต้,รถเก๋ง,"400,000"
Toyota,serial,แดง,2021,เบนซิน,เกียร์ออโต้,รถเก๋ง,"400,000"
Toyota,serial,แดง,2021,เบนซิน,เกียร์ออโต้,รถเก๋ง,"400,000"
Toyota,serial,แดง,2021,เบนซิน,เกียร์ออโต้,รถเก๋ง,"400,000"
Toyota,serial,แดง,2021,เบนซิน,เกียร์ออโต้,รถเก๋ง,"400,000"
Toyota,serial,แดง,2021,เบนซิน,เกียร์ออโต้,รถเก๋ง,"400,000"
Toyota,serial,แดง,2021,เบนซิน,เกียร์ออโต้,รถเก๋ง,"400,000"
Toyota,serial,แดง,2021,เบนซิน,เกียร์ออโต้,รถเก๋ง,"400,000"
Toyota,serial,แดง,2021,เบนซิน,เกียร์ออโต้,รถเก๋ง,"400,000"
Toyota,serial,แดง,2021,เบนซิน,เกียร์ออโต้,รถเก๋ง,"400,000"
Toyota,serial,แดง,2021,เบนซิน,เกียร์ออโต้,รถเก๋ง,"400,000"
Toyota,serial,แดง,2021,เบนซิน,เกียร์ออโต้,รถเก๋ง,"400,000"
Toyota,serial,แดง,2021,เบนซิน,เกียร์ออโต้,รถเก๋ง,"400,000"
Toyota,serial,แดง,2021,เบนซิน,เกียร์ออโต้,รถเก๋ง,"400,000"
Toyota,serial,แดง,2021,เบนซิน,เกียร์ออโต้,รถเก๋ง,"400,000"
Toyota,serial,แดง,2021,เบนซิน,เกียร์ออโต้,รถเก๋ง,"400,000"
Toyota,serial,แดง,2021,เบนซิน,เกียร์ออโต้,รถเก๋ง,"400,000"
Toyota,serial,แดง,2021,เบนซิน,เกียร์ออโต้,รถเก๋ง,"400,000"
Toyota,serial,แดง,2021,เบนซิน,เกียร์ออโต้,รถเก๋ง,"400,000"
Toyota,serial,แดง,2021,เบนซิน,เกียร์ออโต้,รถเก๋ง,"400,000"
Toyota,serial,แดง,2021,เบนซิน,เกียร์ออโต้,รถเก๋ง,"400,000"
Toyota,serial,แดง,2021,เบนซิน,เกียร์ออโต้,รถเก๋ง,"400,000"
Toyota,serial,แดง,2021,เบนซิน,เกียร์ออโต้,รถเก๋ง,"400,000"
Toyota,serial,แดง,2021,เบนซิน,เกียร์ออโต้,รถเก๋ง,"400,000"
Toyota,serial,แดง,2021,เบนซิน,เกียร์ออโต้,รถเก๋ง,"400,000"
Toyota,serial,แดง,2021,เบนซิน,เกียร์ออโต้,รถเก๋ง,"400,000"
Toyota,serial,แดง,2021,เบนซิน,เกียร์ออโต้,รถเก๋ง,"400,000"
Toyota,serial,แดง,2021,เบนซิน,เกียร์ออโต้,รถเก๋ง,"400,000"
Toyota,serial,แดง,2021,เบนซิน,เกียร์ออโต้,รถเก๋ง,"400,000"
Toyota,serial,แดง,2021,เบนซิน,เกียร์ออโต้,รถเก๋ง,"400,000"
Toyota,serial,แดง,2021,เบนซิน,เกียร์ออโต้,รถเก๋ง,"400,000"
Toyota,serial,แดง,2021,เบนซิน,เกียร์ออโต้,รถเก๋ง,"400,000"
Toyota,serial,แดง,2021,เบนซิน,เกียร์ออโต้,รถเก๋ง,"400,000"
Toyota,serial,แดง,2021,เบนซิน,เกียร์ออโต้,รถเก๋ง,"400,000"
Toyota,serial,แดง,2021,เบนซิน,เกียร์ออโต้,รถเก๋ง,"400,000"
Toyota,serial,แดง,2021,เบนซิน,เกียร์ออโต้,รถเก๋ง,"400,000"
Toyota,serial,แดง,2021,เบนซิน,เกียร์ออโต้,รถเก๋ง,"400,000"
Toyota,serial,แดง,2021,เบนซิน,เกียร์ออโต้,รถเก๋ง,"400,000"
Toyota,serial,แดง,2021,เบนซิน,เกียร์ออโต้,รถเก๋ง,"400,000"
Toyota,serial,แดง,2021,เบนซิน,เกียร์ออโต้,รถเก๋ง,"400,000"
Toyota,serial,แดง,2021,เบนซิน,เกียร์ออโต้,รถเก๋ง,"400,000"
Toyota,serial,แดง,2021,เบนซิน,เกียร์ออโต้,รถเก๋ง,"400,000"
Toyota,serial,แดง,2021,เบนซิน,เกียร์ออโต้,รถเก๋ง,"400,000"
Toyota,serial,แดง,2021,เบนซิน,เกียร์ออโต้,รถเก๋ง,"400,000"
Toyota,serial,แดง,2021,เบนซิน,เกียร์ออโต้,รถเก๋ง,"400,000"
Toyota,serial,แดง,2021,เบนซิน,เกียร์ออโต้,รถเก๋ง,"400,000"
Toyota,serial,แดง,2021,เบนซิน,เกียร์ออโต้,รถเก๋ง,"400,000"
Toyota,serial,แดง,2021,เบนซิน,เกียร์ออโต้,รถเก๋ง,"400,000"
Toyota,serial,แดง,2021,เบนซิน,เกียร์ออโต้,รถเก๋ง,"400,000"
Toyota,serial,แดง,2021,เบนซิน,เกียร์ออโต้,รถเก๋ง,"400,000"
Toyota,serial,แดง,2021,เบนซิน,เกียร์ออโต้,รถเก๋ง,"400,000"
Toyota,serial,แดง,2021,เบนซิน,เกียร์ออโต้,รถเก๋ง,"400,000"
Toyota,serial,แดง,2021,เบนซิน,เกียร์ออโต้,รถเก๋ง,"400,000"
Toyota,serial,แดง,2021,เบนซิน,เกียร์ออโต้,รถเก๋ง,"400,000"
Toyota,serial,แดง,2021,เบนซิน,เกียร์ออโต้,รถเก๋ง,"400,000"
Toyota,serial,แดง,2021,เบนซิน,เกียร์ออโต้,รถเก๋ง,"400,000"
Toyota,serial,แดง,2021,เบนซิน,เกียร์ออโต้,รถเก๋ง,"400,000"
Toyota,serial,แดง,2021,เบนซิน,เกียร์ออโต้,รถเก๋ง,"400,000"
Toyota,serial,แดง,2021,เบนซิน,เกียร์ออโต้,รถเก๋ง,"400,000"
Toyota,serial,แดง,2021,เบนซิน,เกียร์ออโต้,รถเก๋ง,"400,000"
Toyota,serial,แดง,2021,เบนซิน,เกียร์ออโต้,รถเก๋ง,"400,000"
Toyota,serial,แดง,2021,เบนซิน,เกียร์ออโต้,รถเก๋ง,"400,000"
Toyota,serial,แดง,2021,เบนซิน,เกียร์ออโต้,รถเก๋ง,"400,000"
Toyota,serial,แดง,2021,เบนซิน,เกียร์ออโต้,รถเก๋ง,"400,000"
Toyota,serial,แดง,2021,เบนซิน,เกียร์ออโต้,รถเก๋ง,"400,000"
Toyota,serial,แดง,2021,เบนซิน,เกียร์ออโต้,รถเก๋ง,"400,000"
Toyota,serial,แดง,2021,เบนซิน,เกียร์ออโต้,รถเก๋ง,"400,000"
Toyota,serial,แดง,2021,เบนซิน,เกียร์ออโต้,รถเก๋ง,"400,000"
Toyota,serial,แดง,2021,เบนซิน,เกียร์ออโต้,รถเก๋ง,"400,000"
Toyota,serial,แดง,2021,เบนซิน,เกียร์ออโต้,รถเก๋ง,"400,000"
Toyota,serial,แดง,2021,เบนซิน,เกียร์ออโต้,รถเก๋ง,"400,000"
